<category id="category_initializes">
    <block type="initializes_setup"></block>
    <block type="initializes_loop"></block>
    <block type="initializes_temp"></block>
</category>

<category id="category_digital">
    <!--<block type="inout_digitalpin"></block>-->
    <block type="inout_digital_write"></block>
    <block type="inout_digital_read"></block>
    <block type="inout_buildin_led"></block>
    <block type="inout_digital_buildin_read"></block>
    <block type="inout_highlow"></block>
    <block type="inout_custom_digital_write">
        <value name="PIN">
            <block type="math_number">
                <field name="NUM">0</field>
            </block>
        </value>
        <value name="STAT">
            <block type="inout_highlow">
                <field name="BOOL">HIGH</field>
            </block>
        </value>
    </block>
    <block type="inout_custom_digital_read">
        <value name="PIN_READ">
            <block type="math_number">
                <field name="NUM">0</field>
            </block>
        </value>
    </block>
    <!--<block type="inout_enable_pullup"></block>-->
    <block type="inout_custom_digital_read_pullup">
        <value name="PIN_READ">
            <block type="math_number">
                <field name="NUM">0</field>
            </block>
        </value>
    </block>
</category>
<category id="category_analog">
    <block type="inout_analog_read"></block>
    <block type="inout_analog_write">
        <value name="NUM">
            <block type="math_number">
                <field name="NUM">0</field>
            </block>
        </value>
    </block>
    <block type="inout_custom_analog_read">
        <value name="PIN_ANALOGREAD">
            <block type="math_number">
                <field name="NUM">14</field>
            </block>
        </value>
    </block>
    <block type="inout_custom_analog_write">
        <value name="PIN_ANALOGWRITE">
            <block type="math_number">
                <field name="NUM">0</field>
            </block>
        </value>
        <value name="NUM">
            <block type="math_number">
                <field name="NUM">0</field>
            </block>
        </value>
    </block>
</category>
<category id="category_others">
    <!--<block type="pulsein"></block>-->
    <block type="tone"></block>
    <block type="no_tone"></block>
    <block type="custom_tone">
        <value name="PIN">
            <block type="math_number">
                <field name="NUM">0</field>
            </block>
        </value>
        <value name="FREQ">
            <block type="math_number">
                <field name="NUM">255</field>
            </block>
        </value>
        <value name="DURATION">
            <block type="math_number">
                <field name="NUM">300</field>
            </block>
        </value>
    </block>
</category>

<category id="category_serial">
    <block type="serial_init"></block>
    <block type="serial_available"></block>
    <block type="serial_print">
        <value name="CONTENT">
            <block type="text">
                <field name="TEXT"></field>
            </block>
        </value>
    </block>
    <block type="serial_println">
        <value name="CONTENT">
            <block type="text">
                <field name="TEXT"></field>
            </block>
        </value>
    </block>
    <block type="serial_read"></block>
    <!--<block type="serial_byte_number"></block>-->
</category>
<category id="category_ethernet">
    <category id="category_ethernet_init">
        <block type="ethernet_begin_dhcp">
            <value name="MAC_ADDRESS">
                <block type="ethernet_mac_address"></block>
            </value>
        </block>
        <block type="ethernet_localip"></block>
    </category>
    <category id="category_ethernet_client">
        <block type="ethernet_connect">
            <value name="SERVER">
                <block type="text">
                    <field name="TEXT">www.google.com</field>
                </block>
            </value>
        </block>
        <block type="ethernet_stop"></block>
        <block type="ethernet_connected"></block>
        <block type="ethernet_available"></block>
        <block type="ethernet_print">
            <value name="TEXT">
                <block type="text">
                    <field name="TEXT"></field>
                </block>
            </value>
        </block>
        <block type="ethernet_println">
            <value name="TEXT">
                <block type="text">
                    <field name="TEXT"></field>
                </block>
            </value>
        </block>
        <block type="ethernet_read"></block>
        <block type="ethernet_get_request"></block>
        <!--block type="ethernet_post_request"></block-->
    </category>
</category>
<category id="category_interrupts">
    <block type="interrupts_attach"></block>
    <!--block type="interrupts_detach"></block-->
    <block type="interrupts_no"></block>
    <block type="interrupts"></block>
</category>

<category id="category_eeprom">
    <block type="eeprom_getsize"></block>
    <block type="eeprom_read"></block>
    <block type="eeprom_write"></block>
</category>

<sep id="category_sep"></sep>
<category id="category_servo">
    <block type="servo_write">
        <value name="ANGLE">
            <block type="math_number">
                <field name="NUM">0</field>
            </block>
        </value>
    </block>
    <block type="servo_read"></block>
    <!-- <block type="servo_attached"></block> -->
    <!-- <block type="servo_attach"></block> -->
    <block type="servo_custom_attach"></block>
    <!-- <block type="servo_detach"></block> -->
    <block type="servo_writeus">
        <value name="ANGLE_US">
            <block type="math_number">
                <field name="NUM">1500</field>
            </block>
        </value>
    </block>
</category>
<sep></sep>
<category id="category_logic">
    <block type="controls_if"></block>
    <block type="logic_compare"></block>
    <block type="logic_operation"></block>
    <block type="logic_negate"></block>
    <block type="logic_boolean"></block>
</category>
<category id="category_loops">
    <block type="controls_repeat"></block>
    <block type="controls_for">
        <value name="FROM">
            <block type="math_number">
                <field name="NUM">0</field>
            </block>
        </value>
        <value name="TO">
            <block type="math_number">
                <field name="NUM">10</field>
            </block>
        </value>
    </block>
    <block type="controls_while">
        <value name="BOOL">
            <block type="logic_boolean">
                <field name="BOOL">TRUE</field>
            </block>
        </value>
    </block>
    <block type="controls_flow_statements"></block>
    <!-- <block type="controls_return"></block> -->
</category>
<category id="category_time">
    <block type="millis"></block>
    <block type="micros"></block>
    <block type="delay_custom">
        <value name="DELAY_TIME">
            <block type="math_number">
                <field name="NUM">1000</field>
            </block>
        </value>
    </block>
    <block type="delayMicroseconds_custom">
        <value name="DELAY_TIME">
            <block type="math_number">
                <field name="NUM">1000</field>
            </block>
        </value>
    </block>

    <block type="ntp_get_datetime"></block>
    <block type="rtc_set_time_from_string"></block>
    <block type="rtc_get_time"></block>
    <block type="rtc_get_time_field"></block>
    <block type="rtc_set_time_from_number"></block>
</category>
<category id="category_array">
    <block type="array_create_with"></block>
    <block type="array_modify">
        <value name="indice">
            <block type="math_number">
                <field name="NUM">0</field>
            </block>
        </value>
    </block>
    <block type="array_getIndex">
        <value name="AT">
            <block type="math_number">
                <field name="NUM">0</field>
            </block>
        </value>
    </block>
    <block type="array_sizeof"></block>
    <block type="array_for">
        <value name="FROM">
            <block type="math_number">
                <field name="NUM">0</field>
            </block>
        </value>
        <value name="TO">
            <block type="math_number">
                <field name="NUM">10</field>
            </block>
        </value>
    </block>
</category>
<category id="category_math">
    <block type="math_number"></block>
    <block type="cast_number"></block>
    <block type="math_arithmetic"></block>
    <block type="math_single"></block>
    <block type="math_constrain"></block>
    <block type="math_pow"></block>
    <block type="math_random_max_min"></block>
    <block type="math_map_int"></block>
    <block type="math_map_float"></block>
    <block type="math_degree_to_radian"></block>
</category>
<category id="category_text">
    <block type="text"></block>
    <block type="text_join"></block>
    <block type="text_commentout"></block>
    <block type="text_length"></block>
    <block type="text_charAt">
        <value name="INDEX">
            <block type="math_number">
                <field name="NUM">1</field>
            </block>
        </value>
    </block>
</category>
<sep></sep>
<category id="category_variables" custom="VARIABLE"></category>
<category id="category_functions" custom="PROCEDURE"></category>
<sep></sep>
<!--category id="category_involt">
<block type="involt_directmode"></block>
<block type="involt_chromereceive"></block>
<block type="involt_sendvalue"></block>
<block type="involt_receivevalue"></block>
</category-->
<sep></sep>
<category id="category_linkit_wifi">
<block type="linkit_wifi_wait_until_ready">
    <value name="SSID">
        <block type="text">
            <field name="TEXT"></field>
        </block>
    </value>
    <value name="PASSWORD">
        <block type="text">
            <field name="TEXT"></field>
        </block>
    </value>
</block>
<block type="linkit_wifi_disconnect"></block>
<block type="linkit_wifi_ip_address"></block>
</category>
<category id="category_linkit_mcs">
<block type="mcs">
    <value name="DEVICEID">
        <block type="text">
            <field name="TEXT"></field>
        </block>
    </value>
    <value name="DEVICEKEY">
        <block type="text">
            <field name="TEXT"></field>
        </block>
    </value>
</block>
<block type="mcslite">
    <value name="DEVICEIDL">
        <block type="text">
            <field name="TEXT"></field>
        </block>
    </value>
    <value name="DEVICEKEYL">
        <block type="text">
            <field name="TEXT"></field>
        </block>
    </value>
    <value name="SERV">
        <block type="text">
            <field name="TEXT">192.168.1.2</field>
        </block>
    </value>
    <value name="PORT">
        <block type="math_number">
            <field name="NUM">3000</field>
        </block>
    </value>
</block>
<block type="mcs_set_control_channel">
    <value name="CONTROL_CHANNEL">
        <block type="text">
            <field name="TEXT"></field>
        </block>
    </value>
</block>
<block type="mcs_set_display_channel">
    <value name="DISPLAY_CHANNEL">
        <block type="text">
            <field name="TEXT"></field>
        </block>
    </value>
</block>
<block type="mcs_process"></block>
<block type="mcs_channel_value">
    <value name="CHANNEL_VALUE">
        <block type="text">
            <field name="TEXT"></field>
        </block>
    </value>
</block>
<block type="mcs_channel2_value">
    <value name="CHANNEL2_VALUE">
        <block type="text">
            <field name="TEXT"></field>
        </block>
    </value>
</block>
<block type="mcs_channel_updated">
    <value name="CHANNEL_UPDATED">
        <block type="text">
            <field name="TEXT"></field>
        </block>
    </value>
</block>
</category>
<category id="category_linkit_lremote">
<block type="linkit_lremote">
	<value name="DEVICEID">
		<block type="text">
			<field name="TEXT">LinkIt 7697</field>
		</block>
	</value>
	<value name="COLUMN">
		<block type="math_number">
			<field name="NUM">3</field>
		</block>
	</value>
	<value name="ROW">
		<block type="math_number">
			<field name="NUM">5</field>
		</block>
	</value>
</block>
<block type="linkit_lremote_settext">
    <value name="NAME">
		<block type="text">
			<field name="TEXT">label1</field>
		</block>
	</value>
	<value name="CONTENT">
		<block type="text">
			<field name="TEXT"></field>
		</block>
	</value>
	<value name="COLUMN">
		<block type="math_number">
			<field name="NUM">0</field>
		</block>
	</value>
	<value name="ROW">
		<block type="math_number">
			<field name="NUM">0</field>
		</block>
	</value>
	<value name="WIDTH">
		<block type="math_number">
			<field name="NUM">1</field>
		</block>
	</value>
	<value name="HEIGHT">
		<block type="math_number">
			<field name="NUM">1</field>
		</block>
	</value>
</block>
<block type="linkit_lremote_setbuttonsquare">
	<value name="NAME">
		<block type="text">
			<field name="TEXT">button1</field>
		</block>
	</value>
	<value name="CONTENT">
		<block type="text">
			<field name="TEXT"></field>
		</block>
	</value>
	<value name="COLUMN">
		<block type="math_number">
			<field name="NUM">0</field>
		</block>
	</value>
	<value name="ROW">
		<block type="math_number">
			<field name="NUM">0</field>
		</block>
	</value>
	<value name="WIDTH">
		<block type="math_number">
			<field name="NUM">1</field>
		</block>
	</value>
	<value name="HEIGHT">
		<block type="math_number">
			<field name="NUM">1</field>
		</block>
	</value>
</block>
<block type="linkit_lremote_setbuttoncircle">
	<value name="NAME">
		<block type="text">
			<field name="TEXT">circle1</field>
		</block>
	</value>
	<value name="CONTENT">
		<block type="text">
			<field name="TEXT"></field>
		</block>
	</value>
	<value name="COLUMN">
		<block type="math_number">
			<field name="NUM">0</field>
		</block>
	</value>
	<value name="ROW">
		<block type="math_number">
			<field name="NUM">0</field>
		</block>
	</value>
	<value name="WIDTH">
		<block type="math_number">
			<field name="NUM">1</field>
		</block>
	</value>
	<value name="HEIGHT">
		<block type="math_number">
			<field name="NUM">1</field>
		</block>
	</value>
</block>
<block type="linkit_lremote_setswitch">
	<value name="NAME">
		<block type="text">
			<field name="TEXT">switch1</field>
		</block>
	</value>
	<value name="CONTENT">
		<block type="text">
			<field name="TEXT"></field>
		</block>
	</value>
	<value name="COLUMN">
		<block type="math_number">
			<field name="NUM">0</field>
		</block>
	</value>
	<value name="ROW">
		<block type="math_number">
			<field name="NUM">0</field>
		</block>
	</value>
	<value name="WIDTH">
		<block type="math_number">
			<field name="NUM">1</field>
		</block>
	</value>
	<value name="HEIGHT">
		<block type="math_number">
			<field name="NUM">1</field>
		</block>
	</value>
</block>
<block type="linkit_lremote_setslider">
	<value name="NAME">
		<block type="text">
			<field name="TEXT">slider1</field>
		</block>
	</value>
	<value name="CONTENT">
		<block type="text">
			<field name="TEXT"></field>
		</block>
	</value>
	<value name="COLUMN">
		<block type="math_number">
			<field name="NUM">0</field>
		</block>
	</value>
	<value name="ROW">
		<block type="math_number">
			<field name="NUM">0</field>
		</block>
	</value>
	<value name="WIDTH">
		<block type="math_number">
			<field name="NUM">1</field>
		</block>
	</value>
	<value name="HEIGHT">
		<block type="math_number">
			<field name="NUM">1</field>
		</block>
	</value>
	<value name="MINIMUM">
		<block type="math_number">
			<field name="NUM">0</field>
		</block>
	</value>
	<value name="MAXIMUM">
		<block type="math_number">
			<field name="NUM">100</field>
		</block>
	</value>
	<value name="INITIAL">
		<block type="math_number">
			<field name="NUM">1</field>
		</block>
	</value>
</block>
<block type="linkit_lremote_setjoystick">
	<value name="NAME">
		<block type="text">
			<field name="TEXT">joystick1</field>
		</block>
	</value>
	<value name="CONTENT">
		<block type="text">
			<field name="TEXT"></field>
		</block>
	</value>
	<value name="COLUMN">
		<block type="math_number">
			<field name="NUM">0</field>
		</block>
	</value>
	<value name="ROW">
		<block type="math_number">
			<field name="NUM">0</field>
		</block>
	</value>
	<value name="WIDTH">
		<block type="math_number">
			<field name="NUM">1</field>
		</block>
	</value>
	<value name="HEIGHT">
		<block type="math_number">
			<field name="NUM">1</field>
		</block>
	</value>
</block>
<block type="linkit_lremote_connect_status"></block>
<block type="linkit_lremote_process"></block>
<block type="linkit_lremote_is_written">
</block>
<block type="linkit_lremote_read_value">
</block>
<block type="linkit_lremote_update_textlabel">
	<value name="CONTENT">
		<block type="text">
			<field name="TEXT"></field>
		</block>
	</value>
</block>
</category>
<category id="category_linkit_ble">
<!--
<block type="linkit_ble_wait_until_ready"></block>
<block type="linkit_ble_ready"></block>
<block type="linkit_ble_get_address"></block>
<block type="linkit_ble_central_scan"></block>
<block type="linkit_ble_central_scan_count"></block>
<block type="linkit_ble_central_get_peripheral_with_index">
  <value name="INDEX">
      <block type="math_number">
          <field name="NUM">0</field>
      </block>
  </value>
</block>
-->

<!--
<block type="linkit_ble_periphral">
    <value name="NAME">
        <block type="text">
            <field name="TEXT">LinkIt 7697</field>
        </block>
    </value>
    <value name="SERVICE">
        <block type="text">
            <field name="TEXT">951A6899-6F0F-456F-8AE0-5E0B4352D85B</field>
        </block>
    </value>
    <value name="CHARACTERISTIC">
        <block type="text">
            <field name="TEXT">B77D53AC-D590-41E0-B75A-6DA442F543F6</field>
        </block>
    </value>
</block>
-->

<block type="linkit_ble_periphral">
    <value name="NAME">
        <block type="text">
            <field name="TEXT">LinkIt 7697</field>
        </block>
    </value>
    <value name="SERVICE">
        <block type="text">
            <field name="TEXT">951A6899-6F0F-456F-8AE0-5E0B4352D85B</field>
        </block>
    </value>
</block>

<block type="linkit_ble_get_address"></block>

<block type="linkit_ble_Characteristic">
    <value name="CHARACTERISTIC">
        <block type="text">
            <field name="TEXT">B77D53AC-D590-41E0-B75A-6DA442F543F6</field>
        </block>
    </value>
</block>

<block type="linkit_ble_periphral_is_written">
    <value name="CHARACTERISTIC">
        <block type="text">
            <field name="TEXT">B77D53AC-D590-41E0-B75A-6DA442F543F6</field>
        </block>
    </value>
</block>
<block type="linkit_ble_periphral_get_value">
    <value name="CHARACTERISTIC">
        <block type="text">
            <field name="TEXT">B77D53AC-D590-41E0-B75A-6DA442F543F6</field>
        </block>
    </value>
</block>
<block type="linkit_ble_periphral_write">
    <value name="CHARACTERISTIC">
        <block type="text">
            <field name="TEXT">B77D53AC-D590-41E0-B75A-6DA442F543F6</field>
        </block>
    </value>
</block>
</category>
<category id="category_linkit_ble_ibeacon">
<block type="linkit_ble_ibeacon">
    <value name="UUID">
        <block type="text">
            <field name="TEXT">74278BDA-B644-4520-8F0C-720EAF059935</field>
        </block>
    </value>
    <value name="MAJOR">
        <block type="math_number">
            <field name="NUM">1</field>
        </block>
    </value>
    <value name="MINOR">
        <block type="math_number">
            <field name="NUM">2</field>
        </block>
    </value>
    <value name="RSSI">
        <block type="math_number">
            <field name="NUM">-40</field>
        </block>
    </value>
</block>
<block type="linkit_ble_eddy">
    <value name="URL">
        <block type="text">
            <field name="TEXT"></field>
        </block>
    </value>
</block>
</category>

<category id="category_mooncar">
    <block type="mooncar_move_car">
        <value name="SPEED">
            <block type="math_number">
                <field name="NUM">0</field>
                </block>
        </value>
    </block>
    <block type="mooncar_move_motor">
        <value name="SPEED_L">
            <block type="math_number">
                <field name="NUM">0</field>
                </block>
        </value>
        <value name="SPEED_R">
            <block type="math_number">
                <field name="NUM">0</field>
                </block>
        </value>
    </block>
    <block type="mooncar_tracker"></block>
    <block type="mooncar_sonar"></block>
    <block type="mooncar_button"></block>
    <block type="mooncar_init_tcs"></block>
    <block type="mooncar_read_tcs"></block>
    <block type="mooncar_flash_light"></block>
    <block type="mooncar_record_tcs"></block>
    <block type="mooncar_chack_tcs"></block>
    <block type="mooncar_ir_remote_read"></block>
    <block type="mooncar_ir_remote_read_value"></block>
    <block type="mooncar_ir_remote_read_type"></block>
    <block type="mooncar_ir_remote_send"></block>
    <block type="mooncar_face_show"></block>
    <block type="neopixel_begin"></block>
    <block type="neopixel_setpixelcolor">
        <value name="TARGET">
            <block type="math_number">
                <field name="NUM">0</field>
            </block>
        </value>
    </block>
    <block type="neopixel_custom_setpixelcolor">
        <value name="TARGET">
            <block type="math_number">
                <field name="NUM">0</field>
            </block>
        </value>
        <value name="R">
            <block type="math_number">
                <field name="NUM">255</field>
            </block>
        </value>
        <value name="G">
            <block type="math_number">
                <field name="NUM">0</field>
            </block>
        </value>
        <value name="B">
            <block type="math_number">
                <field name="NUM">0</field>
            </block>
        </value>
    </block>
    <block type="neopixel_show"></block>
    <block type="oled_display_setting"></block>
    <block type="oled_display_clear"></block>

    <block type="oled_display_draw_commands">
        <statement name="DRAW_CMD">
            <block type="oled_display_draw_text">
                <value name="START_X">
                    <block type="math_number">
                        <field name="NUM">0</field>
                    </block>
                </value>
                <value name="START_Y">
                    <block type="math_number">
                        <field name="NUM">0</field>
                    </block>
                </value>
                <value name="CONTENT">
                    <block type="text">
                        <field name="TEXT">HELLO</field>
                    </block>
                </value>
                <next>
                    <block type="oled_display_draw_line">
                        <value name="START_X">
                            <block type="math_number">
                                <field name="NUM">0</field>
                            </block>
                        </value>
                        <value name="START_Y">
                            <block type="math_number">
                                <field name="NUM">11</field>
                            </block>
                        </value>
                        <value name="END_X">
                            <block type="math_number">
                                <field name="NUM">30</field>
                            </block>
                        </value>
                        <value name="END_Y">
                            <block type="math_number">
                                <field name="NUM">11</field>
                            </block>
                        </value>
                    </block>
                </next>
            </block>
        </statement>
    </block>
</category>
<category id="category_ez_start_kit">
    <block type="ez_start_kit_button"></block>
    <block type="ez_start_kit_vr"></block>
    <block type="ez_start_kit_phr"></block>
    <block type="ez_start_kit_dht"></block>
    <block type="ez_start_kit_relay"></block>
    <block type="ez_start_kit_remote_read"></block>
    <block type="ez_start_kit_ir_remote_read_value"></block>
    <block type="ez_start_kit_ir_remote_read_type"></block>
    <block type="ez_start_kit_custom_tone">
        <value name="FREQ">
            <block type="math_number">
                <field name="NUM">255</field>
            </block>
        </value>
        <value name="DURATION">
            <block type="math_number">
                <field name="NUM">300</field>
            </block>
        </value>
    </block>
    <block type="ez_start_kit_tone"></block>
    <block type="ez_start_kit_no_tone"></block>
    <block type="ez_start_kit_led">
        <value name="LVALUE">
            <block type="math_number">
                <field name="NUM">255</field>
            </block>
        </value>
    </block>
    <block type="ez_start_kit_neopixel_begin">
        <value name="NVALUE">
            <block type="math_number">
                <field name="NUM">30</field>
            </block>
        </value>
    </block>
    <block type="ez_start_kit_neopixel_setpixelcolor">
        <value name="TARGET">
            <block type="math_number">
                <field name="NUM">0</field>
            </block>
        </value>
    </block>
    <block type="ez_start_kit_neopixel_custom_setpixelcolor">
        <value name="TARGET">
            <block type="math_number">
                <field name="NUM">0</field>
            </block>
        </value>
        <value name="R">
            <block type="math_number">
                <field name="NUM">255</field>
            </block>
        </value>
        <value name="G">
            <block type="math_number">
                <field name="NUM">0</field>
            </block>
        </value>
        <value name="B">
            <block type="math_number">
                <field name="NUM">0</field>
            </block>
        </value>
    </block>
    <block type="ez_start_kit_neopixel_show"></block>
    <block type="ez_start_kit_neopixel_clear"></block>
    <block type="ez_start_kit_oled_display_setting"></block>
    <block type="ez_start_kit_oled_display_clear"></block>
    <block type="ez_start_kit_oled_display_draw_commands">
        <statement name="DRAW_CMD">
            <block type="oled_display_draw_text">
                <value name="START_X">
                    <block type="math_number">
                        <field name="NUM">0</field>
                    </block>
                </value>
                <value name="START_Y">
                    <block type="math_number">
                        <field name="NUM">0</field>
                    </block>
                </value>
                <value name="CONTENT">
                    <block type="text">
                        <field name="TEXT">HELLO</field>
                    </block>
                </value>
                <next>
                    <block type="oled_display_draw_line">
                        <value name="START_X">
                            <block type="math_number">
                                <field name="NUM">0</field>
                            </block>
                        </value>
                        <value name="START_Y">
                            <block type="math_number">
                                <field name="NUM">11</field>
                            </block>
                        </value>
                        <value name="END_X">
                            <block type="math_number">
                                <field name="NUM">30</field>
                            </block>
                        </value>
                        <value name="END_Y">
                            <block type="math_number">
                                <field name="NUM">11</field>
                            </block>
                        </value>
                    </block>
                </next>
            </block>
        </statement>
    </block>
    <block type="ez_start_kit_oled_display_set_font"></block>
    <block type="ez_start_kit_oled_display_set_album">
      <value name="ALBUM">
        <block type="text">
          <field name="TEXT">XBM</field>
        </block>
      </value>
    </block>
    <block type="ez_start_kit_oled_display_show_album"></block>
    <block type="mooncar_face_show"></block>
</category>
<category id="category_sensor">
    <category id="category_sensor_env">
        <block type="dht_read"></block>
        <block type="htu21d_read"></block>
        <block type="pms_read"></block>
    </category>
    <category id="category_sensor_dist">
        <block type="ultrasonic_read"></block>
    </category>
    <category id="category_sensor_motion">
        <block type="adxl345_read"></block>
        <block type="adxl345_read_attitude"></block>
        <block type="adxl345_detect"></block>
        <block type="adxl345_gesture_detected"></block>

        <block type="mpu9250_read_acc"></block>
        <block type="mpu9250_read_gyro"></block>
        <block type="mpu9250_read_mag"></block>
        <block type="mpu9250_read_attitude"></block>
        <block type="mpu9250_read_north"></block>
    </category>
</category>
<category id="category_display">
    <category id="category_oled">
        <block type="oled_display_setting"></block>
        <block type="oled_display_clear"></block>

        <block type="oled_display_draw_commands">
            <statement name="DRAW_CMD">
                <block type="oled_display_draw_text">
                    <value name="START_X">
                        <block type="math_number">
                            <field name="NUM">0</field>
                        </block>
                    </value>
                    <value name="START_Y">
                        <block type="math_number">
                            <field name="NUM">0</field>
                        </block>
                    </value>
                    <value name="CONTENT">
                        <block type="text">
                            <field name="TEXT">HELLO</field>
                        </block>
                    </value>
                    <next>
                        <block type="oled_display_draw_line">
                            <value name="START_X">
                                <block type="math_number">
                                    <field name="NUM">0</field>
                                </block>
                            </value>
                            <value name="START_Y">
                                <block type="math_number">
                                    <field name="NUM">11</field>
                                </block>
                            </value>
                            <value name="END_X">
                                <block type="math_number">
                                    <field name="NUM">30</field>
                                </block>
                            </value>
                            <value name="END_Y">
                                <block type="math_number">
                                    <field name="NUM">11</field>
                                </block>
                            </value>
                        </block>
                    </next>
                </block>
            </statement>
        </block>

        <block type="oled_display_draw_line">
            <value name="START_X">
                <block type="math_number">
                    <field name="NUM">0</field>
                </block>
            </value>
            <value name="START_Y">
                <block type="math_number">
                    <field name="NUM">0</field>
                </block>
            </value>
            <value name="END_X">
                <block type="math_number">
                    <field name="NUM">40</field>
                </block>
            </value>
            <value name="END_Y">
                <block type="math_number">
                    <field name="NUM">40</field>
                </block>
            </value>
        </block>
        <block type="oled_display_draw_box">
            <value name="START_X">
                <block type="math_number">
                    <field name="NUM">0</field>
                </block>
            </value>
            <value name="START_Y">
                <block type="math_number">
                    <field name="NUM">0</field>
                </block>
            </value>
            <value name="END_X">
                <block type="math_number">
                    <field name="NUM">40</field>
                </block>
            </value>
            <value name="END_Y">
                <block type="math_number">
                    <field name="NUM">40</field>
                </block>
            </value>
        </block>
        <block type="oled_display_draw_frame">
            <value name="START_X">
                <block type="math_number">
                    <field name="NUM">0</field>
                </block>
            </value>
            <value name="START_Y">
                <block type="math_number">
                    <field name="NUM">0</field>
                </block>
            </value>
            <value name="END_X">
                <block type="math_number">
                    <field name="NUM">40</field>
                </block>
            </value>
            <value name="END_Y">
                <block type="math_number">
                    <field name="NUM">40</field>
                </block>
            </value>
        </block>
        <block type="oled_display_draw_disc">
            <value name="CENTER_X">
                <block type="math_number">
                    <field name="NUM">20</field>
                </block>
            </value>
            <value name="CENTER_Y">
                <block type="math_number">
                    <field name="NUM">20</field>
                </block>
            </value>
            <value name="RADIUS">
                <block type="math_number">
                    <field name="NUM">15</field>
                </block>
            </value>
        </block>
        <block type="oled_display_draw_circle">
            <value name="CENTER_X">
                <block type="math_number">
                    <field name="NUM">20</field>
                </block>
            </value>
            <value name="CENTER_Y">
                <block type="math_number">
                    <field name="NUM">20</field>
                </block>
            </value>
            <value name="RADIUS">
                <block type="math_number">
                    <field name="NUM">15</field>
                </block>
            </value>
        </block>
        <block type="oled_display_set_font">
        </block>
        <block type="oled_display_draw_text">
            <value name="START_X">
                <block type="math_number">
                    <field name="NUM">0</field>
                </block>
            </value>
            <value name="START_Y">
                <block type="math_number">
                    <field name="NUM">0</field>
                </block>
            </value>
            <value name="CONTENT">
                <block type="text">
                    <field name="TEXT">HELLO</field>
                </block>
            </value>
        </block>
    </category>
    <category id="category_lcd">
        <block type="lcd_i2c_setting"></block>
        <block type="lcd_i2c_light"></block>
        <block type="lcd_i2c_clear"></block>
        <block type="lcd_i2c_set_cursor">
            <value name="ROW">
                <block type="math_number">
                    <field name="NUM">0</field>
                </block>
            </value>
            <value name="COL">
                <block type="math_number">
                    <field name="NUM">0</field>
                </block>
            </value>
        </block>
        <block type="lcd_i2c_put">
            <value name="VALUE">
                <block type="text">
                    <field name="TEXT">HELLO</field>
                </block>
            </value>
        </block>
    </category>

    <category id="category_neopixel">
        <block type="neopixel_begin"></block>
        <block type="neopixel_setpixelcolor">
            <value name="TARGET">
                <block type="math_number">
                    <field name="NUM">0</field>
                </block>
            </value>
        </block>
        <block type="neopixel_custom_setpixelcolor">
            <value name="TARGET">
                <block type="math_number">
                    <field name="NUM">0</field>
                </block>
            </value>
            <value name="R">
                <block type="math_number">
                    <field name="NUM">255</field>
                </block>
            </value>
            <value name="G">
                <block type="math_number">
                    <field name="NUM">0</field>
                </block>
            </value>
            <value name="B">
                <block type="math_number">
                    <field name="NUM">0</field>
                </block>
            </value>
        </block>
        <block type="neopixel_show"></block>
    </category>
</category>
<category id="category_transceiver">
    <category id="category_rfid">
        <block type="mfrc522_read"></block>
    </category>
</category>
<sep id="category_sep"></sep>
<category id="category_grove">
    <category id="category_grove_sensor">
        <block type="grove_light_sensor"></block>
        <block type="grove_ultrasonic_ranger"></block>
        <block type="grove_temporature_humidity_sensor"></block>
        <block type="grove_imu_9dof_read_acc"></block>
        <block type="grove_imu_9dof_read_gyro"></block>
        <block type="grove_imu_9dof_read_mag"></block>
        <block type="grove_imu_9dof_read_attitude"></block>
        <block type="grove_imu_9dof_read_north"></block>
    </category>
    <category id="category_grove_actuator">
        <block type="grove_relay"></block>
    </category>
    <category id="category_grove_display">
        <block type="grove_led_bar">
            <value name="LEVEL">
                <block type="math_number">
                    <field name="NUM">0</field>
                </block>
            </value>
        </block>
        <block type="grove_oled_display_clear"></block>
        <block type="grove_oled_display_set_cursor">
            <value name="ROW">
                <block type="math_number">
                    <field name="NUM">0</field>
                </block>
            </value>
            <value name="COL">
                <block type="math_number">
                    <field name="NUM">0</field>
                </block>
            </value>
        </block>
        <block type="grove_oled_display_put">
            <value name="VALUE"></value>
        </block>
    </category>
</category>
<sep id="category_sep"></sep>
<category id="category_external">
    <category id="category_otto">
        <block type="otto_init"></block>
        <block type="otto_calibrate">
            <value name="YL">
                <block type="math_number">
                    <field name="NUM">0</field>
                </block>
            </value>
            <value name="YR">
                <block type="math_number">
                    <field name="NUM">0</field>
                </block>
            </value>
            <value name="RL">
                <block type="math_number">
                    <field name="NUM">0</field>
                </block>
            </value>
            <value name="RR">
                <block type="math_number">
                    <field name="NUM">0</field>
                </block>
            </value>
        </block>
        <block type="otto_home"></block>
        <block type="otto_walk">
            <value name="DISTANCE">
                <block type="math_number">
                    <field name="NUM">4</field>
                </block>
            </value>
            <value name="DURATION">
                <block type="math_number">
                    <field name="NUM">1000</field>
                </block>
            </value>
        </block>
        <block type="otto_turn">
            <value name="DISTANCE">
                <block type="math_number">
                    <field name="NUM">4</field>
                </block>
            </value>
            <value name="DURATION">
                <block type="math_number">
                    <field name="NUM">1000</field>
                </block>
            </value>
        </block>
        <block type="otto_bend">
            <value name="DISTANCE">
                <block type="math_number">
                    <field name="NUM">1</field>
                </block>
            </value>
            <value name="DURATION">
                <block type="math_number">
                    <field name="NUM">1400</field>
                </block>
            </value>
        </block>
        <block type="otto_shake_leg">
            <value name="DISTANCE">
                <block type="math_number">
                    <field name="NUM">1</field>
                </block>
            </value>
            <value name="DURATION">
                <block type="math_number">
                    <field name="NUM">2000</field>
                </block>
            </value>
        </block>
        <block type="otto_freestyle">
            <value name="DISTANCE">
                <block type="math_number">
                    <field name="NUM">1</field>
                </block>
            </value>
            <value name="DURATION">
                <block type="math_number">
                    <field name="NUM">1000</field>
                </block>
            </value>
            <value name="HEIGHT">
                <block type="otto_height"></block>
            </value>
        </block>
        <block type="otto_moonwalk">
            <value name="DISTANCE">
                <block type="math_number">
                    <field name="NUM">4</field>
                </block>
            </value>
            <value name="DURATION">
                <block type="math_number">
                    <field name="NUM">1000</field>
                </block>
            </value>
            <value name="HEIGHT">
                <block type="otto_height"></block>
            </value>
        </block>
        <block type="otto_crusaito">
            <value name="DISTANCE">
                <block type="math_number">
                    <field name="NUM">4</field>
                </block>
            </value>
            <value name="DURATION">
                <block type="math_number">
                    <field name="NUM">1000</field>
                </block>
            </value>
            <value name="HEIGHT">
                <block type="otto_height"></block>
            </value>
        </block>
        <block type="otto_flapping">
            <value name="DISTANCE">
                <block type="math_number">
                    <field name="NUM">4</field>
                </block>
            </value>
            <value name="DURATION">
                <block type="math_number">
                    <field name="NUM">1000</field>
                </block>
            </value>
            <value name="HEIGHT">
                <block type="otto_height"></block>
            </value>
        </block>
        <block type="otto_height"></block>
        <block type="otto_ultrasonic_init"></block>
        <block type="otto_ultrasonic_distance"></block>
        <block type="otto_buzzer_init"></block>
        <block type="otto_buzzer_sing"></block>
        <block type="otto_mouth"></block>
        <block type="otto_led_matrix_init"></block>
    </category>
    <category id="category_ifttt">
        <block type="ifttt_get_url">
            <value name="EVENT">
                <block type="text">
                    <field name="TEXT">event name</field>
                </block>
            </value>
            <value name="KEY">
                <block type="text">
                    <field name="TEXT">your IFTTT key</field>
                </block>
            </value>
        </block>
    </category>
</category>
<category id="category_beta">
    <category id="category_grove">
        <category id="category_grove_input">
            <block type="grove_button"></block>
            <block type="grove_touch"></block>
            <block type="grove_rotary_angle"></block>
            <block type="grove_ir_receiver_init"></block>
            <block type="grove_ir_receiver_check_data"></block>
            <block type="grove_ir_receiver_receive"></block>
            <block type="grove_ir_receiver_data"></block>
            <!--block type="grove_tilt_switch"></block-->
            <!--block type="grove_thumb_joystick"></block-->
        </category>
        <category id="category_grove_output">
            <block type="grove_led"></block>
            <block type="grove_buzzer"></block>
            <block type="grove_ir_emitter_send">
                <value name="DATA">
                    <block type="math_number">
                        <field name="NUM">0</field>
                    </block>
                </value>
            </block>
            <!--block type="grove_rgb_led"></block-->
            <!--block type="grove_motor_shield"></block-->
        </category>
        <category id="category_grove_sensor">
            <!--block type="grove_line_finder"></block-->
            <!--block type="grove_pir_motion_sensor"></block-->
            <!--block type="grove_temporature_sensor"></block-->
            <block type="grove_sound_sensor"></block>
        </category>
        <category id="category_lcd_rgb">
            <block type="grove_rgb_lcd_begin"></block>
            <block type="grove_rgb_lcd_print">
                <value name="PRINT">
                    <block type="text">
                        <field name="TEXT"></field>
                    </block>
                </value>
            </block>
            <block type="grove_rgb_lcd_setcolor"></block>
            <block type="grove_rgb_lcd_custom_setcursor">
                <value name="COL">
                    <block type="math_number">
                        <field name="NUM">0</field>
                    </block>
                </value>
                <value name="ROW">
                    <block type="math_number">
                        <field name="NUM">0</field>
                    </block>
                </value>
            </block>
            <block type="grove_rgb_lcd_clear"></block>
            <!--block type="lcd_scrolldisplayright"></block-->
            <!--block type="lcd_scrolldisplayleft"></block-->
            <block type="grove_rgb_lcd_switch_scroll"></block>
            <!--block type="lcd_lefttoright"></block-->
            <!--block type="lcd_righttoleft"></block-->
            <!--block type="grove_serial_lcd_power"></block-->
            <!--block type="grove_serial_lcd_effect"></block-->
        </category>
    </category>
    <category id="category_cloud_service">
        <category id="category_m2x">
            <block type="m2x_begin">
                <value name="ID">
                    <block type="text">
                        <field name="TEXT"></field>
                    </block>
                </value>
                <value name="STREAM_NAME">
                    <block type="text">
                        <field name="TEXT"></field>
                    </block>
                </value>
                <value name="KEY">
                    <block type="text">
                        <field name="TEXT"></field>
                    </block>
                </value>
            </block>
            <block type="m2x_update_value">
                <value name="VALUE">
                    <block type="math_number">
                        <field name="NUM">1</field>
                    </block>
                </value>
            </block>
            <block type="m2x_list_value"></block>
            <block type="m2x_custom_list_value"></block>
            <block type="m2x_delete_values"></block>
            <block type="m2x_update_location">
                <value name="LOCATION_NAME">
                    <block type="text">
                        <field name="TEXT"></field>
                    </block>
                </value>
            </block>
        </category>
        <category id="category_blynk">
            <block type="blynk_ethernet_begin">
                <value name="AUTH">
                    <block type="text">
                        <field name="TEXT"></field>
                    </block>
                </value>
                <value name="MAC_ADDRESS">
                    <block type="ethernet_mac_address"></block>
                </value>
            </block>
            <block type="blynk_connect"></block>
            <block type="blynk_write"></block>
            <block type="blynk_param"></block>
            <block type="blynk_merge_param"></block>
            <block type="blynk_virtual_write">
                <value name="VALUE">
                    <block type="math_number">
                        <field name="NUM">1</field>
                    </block>
                </value>
            </block>
            <block type="blynk_email">
                <value name="ADDRESS">
                    <block type="text">
                        <field name="TEXT"></field>
                    </block>
                </value>
                <value name="TITLE">
                    <block type="text">
                        <field name="TEXT"></field>
                    </block>
                </value>
                <value name="BODY">
                    <block type="text">
                        <field name="TEXT"></field>
                    </block>
                </value>
            </block>
            <block type="blynk_notify">
                <value name="TEXT">
                    <block type="text">
                        <field name="TEXT"></field>
                    </block>
                </value>
            </block>
            <block type="blynk_tweet">
                <value name="TEXT">
                    <block type="text">
                        <field name="TEXT"></field>
                    </block>
                </value>
            </block>
        </category>
    </category>
    <category id="category_adafruit">
        <category id="category_rgbled">
            <block type="rgbled_begin"></block>
            <!--block type="rgbled_setpixelcolor"></block-->
            <block type="rgbled_setpixelcolor2">
                <value name="TARGET">
                    <block type="math_number">
                        <field name="NUM">0</field>
                    </block>
                </value>
            </block>
            <block type="rgbled_custom_setpixelcolor">
                <value name="TARGET">
                    <block type="math_number">
                        <field name="NUM">0</field>
                    </block>
                </value>
                <value name="R">
                    <block type="math_number">
                        <field name="NUM">255</field>
                    </block>
                </value>
                <value name="G">
                    <block type="math_number">
                        <field name="NUM">0</field>
                    </block>
                </value>
                <value name="B">
                    <block type="math_number">
                        <field name="NUM">0</field>
                    </block>
                </value>
            </block>
            <block type="rgbled_show"></block>
        </category>

        <category id="category_i2c_matrix">
            <block type="i2c_matrix_begin"></block>
            <block type="i2c_matrix_clear"></block>
            <block type="i2c_matrix_writedisplay"></block>
            <block type="i2c_matrix_setcursor">
                <value name="COL">
                    <block type="math_number">
                        <field name="NUM">0</field>
                    </block>
                </value>
                <value name="ROW">
                    <block type="math_number">
                        <field name="NUM">0</field>
                    </block>
                </value>
            </block>
            <block type="i2c_matrix_settextsize"></block>
            <block type="i2c_matrix_settextwrap"></block>
            <block type="i2c_matrix_settextcolor"></block>
            <block type="i2c_matrix_print">
                <value name="CONTENT">
                    <block type="text">
                        <field name="TEXT"></field>
                    </block>
                </value>
            </block>
            <block type="i2c_matrix_setrotation"></block>
            <block type="i2c_matrix_drawpixel">
                <value name="X">
                    <block type="math_number">
                        <field name="NUM">0</field>
                    </block>
                </value>
                <value name="Y">
                    <block type="math_number">
                        <field name="NUM">0</field>
                    </block>
                </value>
            </block>
            <block type="i2c_matrix_drawline">
                <value name="X0">
                    <block type="math_number">
                        <field name="NUM">0</field>
                    </block>
                </value>
                <value name="Y0">
                    <block type="math_number">
                        <field name="NUM">0</field>
                    </block>
                </value>
                <value name="X1">
                    <block type="math_number">
                        <field name="NUM">0</field>
                    </block>
                </value>
                <value name="Y1">
                    <block type="math_number">
                        <field name="NUM">0</field>
                    </block>
                </value>
            </block>
            <block type="i2c_matrix_drawcircle">
                <value name="X">
                    <block type="math_number">
                        <field name="NUM">0</field>
                    </block>
                </value>
                <value name="Y">
                    <block type="math_number">
                        <field name="NUM">0</field>
                    </block>
                </value>
                <value name="D">
                    <block type="math_number">
                        <field name="NUM">0</field>
                    </block>
                </value>
            </block>
            <block type="i2c_matrix_drawrect">
                <value name="X0">
                    <block type="math_number">
                        <field name="NUM">0</field>
                    </block>
                </value>
                <value name="Y0">
                    <block type="math_number">
                        <field name="NUM">0</field>
                    </block>
                </value>
                <value name="X1">
                    <block type="math_number">
                        <field name="NUM">5</field>
                    </block>
                </value>
                <value name="Y1">
                    <block type="math_number">
                        <field name="NUM">5</field>
                    </block>
                </value>
            </block>
            <block type="i2c_matrix_fillrect">
                <value name="X0">
                    <block type="math_number">
                        <field name="NUM">0</field>
                    </block>
                </value>
                <value name="Y0">
                    <block type="math_number">
                        <field name="NUM">0</field>
                    </block>
                </value>
                <value name="X1">
                    <block type="math_number">
                        <field name="NUM">5</field>
                    </block>
                </value>
                <value name="Y1">
                    <block type="math_number">
                        <field name="NUM">5</field>
                    </block>
                </value>
            </block>
        </category>
        <category id="category_i2c_sevenseg">
            <block type="i2c_sevenseg_begin"></block>
            <block type="i2c_sevenseg_writedisplay"></block>
            <block type="i2c_sevenseg_print">
                <value name="NUM">
                    <block type="math_number">
                        <field name="NUM">7777</field>
                    </block>
                </value>
            </block>
            <block type="i2c_sevenseg_writedigitnum">
                <value name="POSITION">
                    <block type="math_number">
                        <field name="NUM">0</field>
                    </block>
                </value>
                <value name="NUM">
                    <block type="math_number">
                        <field name="NUM">1</field>
                    </block>
                </value>
                <value name="DOTS">
                    <block type="i2c_sevenseg_boolean">
                        <field name="BOOL">TRUE</field>
                    </block>
                </value>
            </block>
            <block type="i2c_sevenseg_drawcolon">
                <value name="DOTS">
                    <block type="i2c_sevenseg_boolean">
                        <field name="BOOL">TRUE</field>
                    </block>
                </value>
            </block>
            <block type="i2c_sevenseg_boolean"></block>
        </category>
        <category id="category_mpr121">
            <block type="mpr121_begin"></block>
            <block type="mpr121_touched">
                <value name="CH">
                    <block type="math_number">
                        <field name="NUM">0</field>
                    </block>
                </value>
            </block>
            <block type="mpr121_released">
                <value name="CH">
                    <block type="math_number">
                        <field name="NUM">0</field>
                    </block>
                </value>
            </block>
            <block type="mpr121_value">
                <value name="CH">
                    <block type="math_number">
                        <field name="NUM">0</field>
                    </block>
                </value>
            </block>
            <block type="mpr121_reset"></block>
        </category>
    </category>
    <category id="category_sparkfun">
        <category id="category_ir_remote">
            <block type="ir_remote_get"></block>
            <block type="ir_remote_button"></block>
        </category>
    </category>
    <category id="category_robot">
        <category id="category_shield_bot">
            <block type="shield_bot_setmaxspeed"></block>
            <block type="shield_bot_setmaxspeed_lr"></block>
            <block type="shield_bot_move"></block>
            <block type="shield_bot_drive">
                <value name="LEFT">
                    <block type="math_number">
                        <field name="NUM">0</field>
                    </block>
                </value>
                <value name="RIGHT">
                    <block type="math_number">
                        <field name="NUM">0</field>
                    </block>
                </value>
            </block>
            <block type="shield_bot_motor">
                <value name="DIRECTION">
                    <block type="math_number">
                        <field name="NUM">0</field>
                    </block>
                </value>
            </block>
            <block type="shield_bot_readsensor"></block>
        </category>
        <category id="category_aerobot">
            <block type="aerobot_move"></block>
            <block type="aerobot_rotate"></block>
            <block type="aerobot_lightsens"></block>
            <block type="aerobot_distsens"></block>
            <block type="aerobot_linesens"></block>
            <block type="aerobot_setled"></block>
        </category>
    </category>
    <category id="category_lcd">
        <block type="lcd_init"></block>
        <block type="lcd_begin"></block>
        <block type="lcd_print">
            <value name="PRINT">
                <block type="text">
                    <field name="TEXT"></field>
                </block>
            </value>
        </block>
        <!--block type="lcd_setcursor"></block-->
        <block type="lcd_custom_setcursor">
            <value name="COL">
                <block type="math_number">
                    <field name="NUM">0</field>
                </block>
            </value>
            <value name="ROW">
                <block type="math_number">
                    <field name="NUM">0</field>
                </block>
            </value>
        </block>
        <block type="lcd_clear"></block>
        <!--block type="lcd_scrolldisplayright"></block-->
        <!--block type="lcd_scrolldisplayleft"></block-->
        <block type="lcd_switch_scroll"></block>
        <!--block type="lcd_autoscroll"></block>
    <block type="lcd_noautoscroll"></block-->
        <!--block type="lcd_lefttoright"></block-->
        <!--block type="lcd_righttoleft"></block-->
    </category>
    <category id="category_other_sensor">
        <category id="category_infrared">
            <block type="infra_red_send"></block>
            <block type="infra_red_receive"></block>
        </category>
    </category>
</category>
